2023-04-18,Wine ,2023-06-10,6,117.47,Store,Visa,5.0
2023-04-09,Pepper ,2023-05-22,5,23.18,Store,Cash,0.0
2023-05-09,Wine ,2023-08-04,7,184.74,Store,Cash,5.0
2023-04-09,External Supplier,2023-05-23,14,9.92,App,Visa,0.0
2023-03-27,Beans ,2023-05-28,13,138.85,Store,Cash,7.0
2023-04-27,Beef ,2023-07-18,9,247.62,Store,Visa,0.0
2023-05-02,Bread ,2023-05-28,1,107.21,Store,Visa,4.0
2023-03-17,Zucchini ,2023-05-05,15,146.75,Store,Visa,0.0
2023-03-22,Eggs ,2023-04-08,16,36.55,App,Visa,11.5
2023-05-11,Pork ,2023-07-20,17,181.13,Store,Visa,10.0
2023-04-04,Sesame Seed,2023-06-08,4,62.69,Store,Cash,0.0
2023-04-14,Tuna ,2023-05-23,9,183.3,Store,Cash,0.0
2023-04-23,Wine ,2023-05-12,9,93.36,Store,Cash,8.0
2023-04-26,Bar Bran Honey Nut,2023-07-20,15,13.21,Store,Cash,0.0
2023-04-23,Cake ,2023-07-11,12,208.63,Store,Cash,7.0
2023-04-24,Carbonated Water ,2023-07-19,2,19.31,Store,Cash,0.0
2023-04-06,Pork ,2023-06-18,14,208.26,Store,Cash,0.0
2023-04-30,Wine ,2023-06-01,15,216.11,Store,Visa,5.0
2023-04-23,Lettuce ,2023-06-13,6,96.43,Store,Visa,0.0
2023-04-05,Wine ,2023-04-10,4,218.83,App,Visa,15.0
2023-04-13,Longos ,2023-05-28,16,183.04,Store,Cash,10.0
2023-04-19,Beef Striploin Aaa,2023-06-06,9,81.77,Store,Cash,0.0
2023-04-29,Sauce ,2023-05-15,2,55.06,App,Visa,14.0
2023-04-03,Barley ,2023-05-29,3,94.98,App,Visa,0.0
2023-05-09,Cheese Cloth No 60,2023-06-20,16,39.41,App,Visa,10.0
2023-03-25,Cut Wakame ,2023-06-17,16,180.34,Store,Cash,10.0
2023-05-12,Kolrabi,2023-05-20,14,7.129999999999999,App,Visa,22.0
2023-05-03,Coffee ,2023-05-31,12,57.41,App,Visa,4.5
2023-04-29,Beef ,2023-04-30,14,-21.59,Store,Visa,29.0
2023-05-10,Honey ,2023-07-03,3,97.54,Store,Visa,0.0
2023-04-19,Soup Campbells Turkey Veg.,2023-04-24,1,-23.14,Store,Cash,25.0
2023-04-15,Syrup ,2023-04-19,9,36.85,Store,Visa,26.0
2023-04-21,Coffee Beans ,2023-07-15,15,29.33,Store,Cash,0.0
2023-04-13,Wine ,2023-05-29,17,212.87,App,Visa,7.5
2023-03-29,Island Oasis ,2023-06-18,16,118.13,Store,Visa,10.0
2023-04-04,Lychee,2023-07-01,4,16.08,Store,Cash,0.0
2023-03-17,Contreau,2023-04-16,11,215.63,App,Visa,7.0
2023-04-08,Cheese ,2023-04-27,1,194.68,Store,Visa,10.5
2023-03-30,Persimmons,2023-05-01,14,80.81,Store,Cash,0.0
2023-03-29,Towels ,2023-05-02,7,12.239999999999998,Store,Cash,5.0
2023-03-27,Pastry ,2023-06-08,11,225.08,App,Visa,7.0
2023-04-07,Honey ,2023-07-01,16,93.96,Store,Cash,10.0
2023-04-09,Veal ,2023-06-30,14,48.36,App,Visa,0.0
2023-04-08,Beets,2023-04-15,16,91.96,Store,Cash,16.5
2023-04-25,Wine ,2023-06-05,5,26.56,App,Visa,5.0
2023-04-13,Coffee ,2023-06-23,12,227.0,Store,Visa,7.0
2023-03-21,Beef ,2023-04-08,7,236.62,Store,Visa,8.5
2023-04-12,Pails With Lids,2023-07-08,5,156.56,App,Visa,0.0
2023-04-22,Wine ,2023-05-26,1,73.82,Store,Visa,5.0
2023-03-25,Puree ,2023-06-20,7,231.95,Store,Cash,5.0
2023-04-15,Soup ,2023-06-13,3,167.22,Store,Cash,0.0
2023-04-02,Table Cloth 91x91 Colour,2023-05-11,1,132.54,App,Visa,0.0
2023-05-01,Apron,2023-07-17,6,139.54,Store,Cash,0.0
2023-04-17,Chocolate ,2023-07-04,6,227.37,App,Visa,0.0
2023-04-05,Tomatoes ,2023-05-31,10,68.25,Store,Cash,0.0
2023-04-14,Oysters ,2023-07-08,15,66.86,App,Visa,0.0
2023-04-19,Pork ,2023-05-07,2,142.51,Store,Cash,12.0
2023-05-10,Pastry ,2023-05-16,12,48.58,App,Visa,15.5
2023-04-03,Bread Foccacia Whole,2023-04-18,1,183.9,App,Visa,15.0
2023-04-07,Tuna ,2023-06-16,7,21.01,App,Visa,5.0
2023-04-02,Corn Syrup,2023-04-27,8,119.55,App,Visa,5.0
2023-05-05,Wine ,2023-05-06,5,185.72,App,Visa,17.0
2023-04-20,Lamb ,2023-06-12,5,85.41,Store,Cash,0.0
2023-04-08,Cocoa Butter,2023-04-10,3,121.72,App,Visa,28.0
2023-03-30,Juice ,2023-05-12,2,24.63,Store,Cash,0.0
2023-04-03,Tomato ,2023-06-25,3,71.15,Store,Cash,0.0
2023-04-18,Wine ,2023-06-12,4,131.58,Store,Cash,5.0
2023-04-01,Veal ,2023-05-10,10,186.71,Store,Cash,0.0
2023-04-12,Sugar ,2023-04-28,13,208.29,App,Visa,10.5
2023-04-03,Mix ,2023-05-29,15,94.51,Store,Cash,0.0
2023-04-11,Bread Base ,2023-04-17,6,59.09,App,Visa,24.0
2023-04-25,Salmon ,2023-06-09,9,188.02,Store,Cash,0.0
2023-04-27,Lettuce ,2023-06-26,12,220.89,Store,Cash,7.0
2023-03-21,Wood Chips ,2023-06-06,17,181.65,App,Visa,10.0
2023-04-04,Pails With Lids,2023-06-01,1,88.1,App,Visa,0.0
2023-04-29,Strawberries,2023-05-28,2,147.88,App,Visa,1.0
2023-05-01,Bread ,2023-05-10,2,109.58000000000001,Store,Cash,21.0
2023-04-12,Hand Towel,2023-05-01,12,210.89,Store,Cash,9.0
2023-04-12,Ice Cream ,2023-05-30,6,175.97,App,Visa,0.0
2023-04-16,Lid ,2023-04-17,10,76.73,Store,Cash,29.0
2023-03-17,Mayonnaise,2023-03-22,12,84.57,Store,Cash,16.0
2023-04-06,Tarts Assorted,2023-06-26,3,172.63,Store,Visa,0.0
2023-05-04,Butter ,2023-06-13,14,105.08,Store,Cash,0.0
2023-03-27,Amaretto,2023-05-28,13,-0.11000000000000032,Store,Cash,7.0
2023-04-03,Bread ,2023-06-21,17,11.350000000000001,Store,Cash,10.0
2023-04-12,Lamb ,2023-06-13,16,101.07,App,Visa,10.0
2023-04-26,Bagelers ,2023-06-23,12,203.78,Store,Cash,7.0
2023-05-04,Soup ,2023-05-28,17,198.53,Store,Visa,8.0
2023-03-24,Pasta ,2023-06-02,6,166.99,Store,Cash,0.0
2023-05-03,Nut ,2023-07-14,9,53.84,Store,Cash,0.0
2023-03-17,Wine ,2023-03-23,13,150.17,Store,Cash,15.5
2023-05-02,Soup ,2023-05-11,3,215.76,Store,Cash,21.0
2023-04-26,Wine ,2023-04-27,14,133.82,Store,Visa,17.0
2023-05-02,Thyme ,2023-05-29,14,85.35,Store,Cash,3.0
2023-03-13,Honey ,2023-04-13,1,11.79,App,Visa,0.0
2023-05-05,Cake ,2023-05-10,11,27.909999999999997,App,Visa,16.0
2023-04-08,Veal ,2023-04-26,11,31.310000000000002,App,Visa,9.5
2023-03-20,Cheese ,2023-03-25,10,177.35,Store,Visa,17.5
2023-04-20,Table Cloth 54x54 Colour,2023-07-03,15,186.31,Store,Cash,0.0
2023-03-18,Nut ,2023-05-03,14,180.3,App,Visa,0.0
2023-04-26,Turkey ,2023-06-17,17,128.43,Store,Cash,10.0
2023-04-12,Ocean Spray ,2023-07-02,5,148.87,Store,Cash,0.0
2023-04-24,Nantucket ,2023-06-05,6,161.12,Store,Cash,0.0
2023-04-12,Flower ,2023-05-21,6,229.61,Store,Cash,0.0
2023-04-29,Tequila ,2023-06-30,3,24.27,Store,Cash,0.0
2023-04-17,Soup ,2023-05-21,14,55.81,Store,Visa,0.0
2023-05-04,Mikes Hard Lemonade,2023-05-24,5,52.32,Store,Cash,10.0
2023-03-31,Pasta ,2023-06-01,12,1.2400000000000002,Store,Visa,7.0
2023-04-06,Ginsing ,2023-06-19,9,92.93,Store,Visa,0.0
2023-05-03,Capon ,2023-07-27,9,171.96,App,Visa,0.0
2023-05-07,Chocolate ,2023-07-30,15,197.52,Store,Cash,0.0
2023-03-20,Tray ,2023-06-16,12,0.8799999999999999,App,Visa,7.0
2023-05-08,Coffee ,2023-05-31,16,14.25,App,Visa,8.5
2023-05-04,Schnappes Peppermint ,2023-05-20,6,5.59,App,Visa,14.0
2023-03-20,Wine ,2023-04-19,9,177.21,Store,Cash,5.0
2023-05-08,Coffee Cup 12oz 5342cd,2023-07-15,10,130.1,App,Visa,0.0
2023-03-21,Paper ,2023-06-05,6,5.63,Store,Cash,0.0
2023-04-30,Coffee ,2023-07-17,15,177.35,Store,Cash,0.0
2023-05-03,Tea ,2023-05-20,1,58.36,App,Visa,13.0
2023-05-02,Muffin Mix ,2023-06-29,11,164.22,App,Visa,7.0
2023-03-23,Jack Daniels,2023-06-14,17,180.22,Store,Cash,30.0
2023-04-22,Beef ,2023-07-05,14,174.09,App,Visa,0.0
2023-04-25,Onion Powder,2023-05-03,15,114.9,Store,Cash,22.0
2023-04-02,Tomatoes ,2023-06-28,13,157.11,App,Visa,7.0
2023-03-22,Wine ,2023-06-07,11,178.55,App,Visa,6.0
2023-04-04,Quail ,2023-04-28,13,215.73,Store,Cash,6.5
2023-04-16,Bread ,2023-05-12,11,176.91,Store,Cash,5.5
2023-03-16,Apples ,2023-06-06,6,127.75,Store,Visa,0.0
2023-04-05,Snails ,2023-06-10,8,153.15,Store,Visa,5.0
2023-03-13,Eggplant ,2023-04-18,3,241.88,App,Visa,0.0
2023-04-13,Wine ,2023-05-10,15,161.9,App,Visa,4.0
2023-04-20,Wine ,2023-04-25,1,173.66,App,Visa,15.0
2023-04-06,Wine ,2023-04-08,7,211.85,Store,Cash,16.5
2023-04-11,Ecolab Crystal Fusion,2023-07-07,5,90.56,App,Visa,0.0
2023-04-24,Ecolab Crystal Fusion,2023-07-23,9,92.27,Store,Cash,0.0
2023-03-28,Sauce ,2023-05-02,13,187.21,App,Visa,7.0
2023-04-15,Lobak,2023-06-11,15,91.02,Store,Visa,0.0
2023-04-09,Pasta ,2023-04-11,3,184.35,App,Visa,28.0
2023-05-10,Tomatoes Tear Drop Yellow,2023-06-03,13,38.97,Store,Visa,6.5
2023-05-05,Melon ,2023-07-27,12,160.18,Store,Cash,7.0
2023-03-23,Dried Cranberries,2023-04-25,16,136.28,Store,Visa,30.0
2023-03-26,Bagels Poppyseed,2023-05-10,8,75.83,App,Visa,5.0
2023-04-23,Mushroom ,2023-06-08,15,217.8,App,Visa,0.0
2023-04-28,Spice ,2023-06-16,7,229.14,App,Visa,5.0
2023-03-19,Fruit Salad Deluxe,2023-05-22,4,148.25,Store,Visa,0.0
2023-03-25,Mountain Dew,2023-04-07,13,50.12,Store,Cash,12.0
2023-03-19,Pur Value,2023-04-12,4,3.1899999999999995,App,Visa,6.0
2023-03-18,Remy Red Berry Infusion,2023-05-26,7,33.18,App,Visa,5.0
2023-04-27,Chestnuts ,2023-06-14,9,38.44,App,Visa,0.0
2023-03-20,Pork ,2023-04-06,6,220.63,Store,Cash,13.0
2023-03-17,Apple ,2023-05-03,10,235.0,Store,Cash,0.0
2023-04-24,Oil ,2023-05-30,14,83.2,App,Visa,0.0
2023-04-26,Tuna ,2023-05-02,5,-14.43,Store,Cash,24.0
2023-03-22,Pepper ,2023-04-22,1,64.88,Store,Cash,0.0
2023-05-06,Mustard ,2023-07-29,14,161.8,Store,Cash,0.0
2023-05-12,Pepper ,2023-07-20,10,135.67,App,Visa,0.0
2023-04-25,Hummus ,2023-05-03,17,119.47999999999999,Store,Cash,16.0
2023-03-13,Absolut Citron,2023-05-25,9,62.42,Store,Visa,0.0
2023-05-10,Salad Dressing,2023-05-24,6,134.28,Store,Cash,16.0
2023-03-21,Yogurt ,2023-05-06,11,57.81,App,Visa,7.0
2023-04-21,Soap ,2023-05-26,6,83.29,Store,Cash,0.0
2023-05-04,Barley ,2023-06-30,2,123.76,App,Visa,0.0
2023-04-20,Appetizer ,2023-06-25,8,70.13,Store,Cash,5.0
2023-03-16,Lemons,2023-03-31,17,234.92,App,Visa,12.5
2023-04-28,Cake ,2023-05-31,12,120.02,Store,Cash,7.0
2023-04-05,Table Cloth 72x144 White,2023-06-27,17,219.19,Store,Visa,10.0
2023-03-17,Sword Pick Asst,2023-04-15,1,203.31,Store,Visa,1.0
2023-03-18,Cake ,2023-05-29,4,72.27,Store,Cash,0.0
2023-03-19,Tuna ,2023-05-09,14,40.61,Store,Cash,0.0
2023-05-02,Wine ,2023-05-27,4,36.5,App,Visa,5.0
2023-03-21,Watercress,2023-04-21,14,227.82,Store,Visa,0.0
2023-03-29,V8 Splash Strawberry Banana,2023-06-07,13,35.39,Store,Cash,7.0
2023-03-18,Syrup ,2023-05-27,10,121.04,Store,Cash,0.0
2023-05-04,Sprouts ,2023-05-06,10,30.630000000000003,Store,Cash,28.0
2023-03-19,Pears ,2023-04-19,15,46.72,App,Visa,0.0
2023-03-23,Beef ,2023-05-06,3,102.52000000000001,Store,Cash,50.0
2023-04-10,Buttons,2023-05-16,5,80.87,App,Visa,0.0
2023-03-23,The Pop Shoppe ,2023-05-18,15,176.37,Store,Visa,50.0
2023-03-30,Pork ,2023-04-14,1,174.55,Store,Cash,15.0
2023-04-08,Wasabi Powder,2023-05-03,1,19.63,App,Visa,5.0
2023-03-17,Milk 2% 500 Ml,2023-05-15,14,229.53,App,Visa,0.0
2023-03-23,Flavouring ,2023-04-05,14,149.97,Store,Visa,33.5
2023-05-01,Juice ,2023-05-10,11,81.39,App,Visa,14.0
2023-03-15,Bonito Flakes ,2023-04-23,12,89.35,Store,Visa,7.0
2023-04-19,Bread ,2023-05-19,15,68.7,App,Visa,0.0
2023-04-18,Bread ,2023-06-08,2,11.09,App,Visa,0.0
2023-04-22,Nantuket Peach Orange,2023-06-12,9,88.17,Store,Cash,0.0
2023-04-09,Currants,2023-06-05,11,80.0,Store,Cash,7.0
2023-04-19,Wine ,2023-07-05,14,166.66,Store,Cash,5.0
2023-05-05,Cheese ,2023-06-19,10,52.27,App,Visa,10.0
2023-04-27,Container ,2023-06-21,17,237.07,Store,Visa,10.0
2023-04-04,Tomatoes ,2023-05-09,9,197.06,App,Visa,0.0
2023-04-14,Durian Fruit,2023-06-15,5,246.05,App,Visa,0.0
2023-03-23,Veal ,2023-06-01,15,14.0,Store,Cash,50.0
2023-04-23,Container ,2023-05-17,14,195.77,Store,Visa,6.0
2023-05-05,Soup ,2023-06-17,15,126.29,App,Visa,0.0
2023-05-01,Rice ,2023-07-06,6,16.2,Store,Cash,0.0
2023-03-16,Wine ,2023-06-04,14,88.19,App,Visa,5.0
2023-04-21,Beef ,2023-07-11,1,83.46,App,Visa,0.0
2023-04-09,Pastry ,2023-05-05,6,216.44,Store,Cash,4.0
2023-05-11,Liners ,2023-08-05,4,1.45,App,Visa,0.0
2023-04-30,Cookie ,2023-05-13,8,56.93000000000001,App,Visa,11.0
2023-04-09,Pastry ,2023-05-20,7,169.86,App,Visa,5.0
2023-03-23,Broom And Brush Rack Black,2023-03-31,12,200.64,Store,Visa,36.0
2023-05-05,Fish ,2023-07-06,5,194.87,Store,Cash,0.0
2023-04-22,Pie Shell ,2023-05-01,7,169.98,Store,Visa,13.0
2023-04-05,Wine ,2023-04-23,16,131.82,App,Visa,11.0
2023-04-30,Celery Root,2023-05-08,10,-15.719999999999999,App,Visa,22.0
2023-03-22,Longos ,2023-06-11,8,81.7,App,Visa,5.0
2023-03-13,Puree ,2023-03-19,16,-3.539999999999999,Store,Cash,17.0
2023-04-11,Calvados ,2023-04-13,4,200.68,App,Visa,28.0
2023-04-14,Scampi Tail,2023-06-21,14,187.9,Store,Cash,0.0
2023-04-20,Island Oasis ,2023-05-15,10,118.17,App,Visa,5.0
2023-05-01,Plasticforkblack,2023-07-17,17,152.91,Store,Cash,10.0
2023-03-18,Bread ,2023-04-13,3,224.82,Store,Cash,4.0
2023-03-27,Kale ,2023-04-11,4,203.31,Store,Cash,15.0
2023-03-13,Wine ,2023-05-27,7,17.82,Store,Cash,5.0
2023-04-08,Maintenance Removal Charge,2023-05-19,16,187.57,Store,Cash,10.0
2023-03-18,Tea ,2023-04-18,13,149.99,Store,Cash,7.0
2023-04-22,Cookie ,2023-05-03,16,130.85,App,Visa,14.5
2023-05-11,Compound ,2023-06-15,12,9.86,Store,Cash,7.0
2023-04-09,The Pop Shoppe Pinapple,2023-06-24,15,28.4,Store,Visa,0.0
2023-04-11,Tarragon ,2023-05-04,12,-2.5599999999999996,Store,Visa,7.0
2023-04-24,Straw ,2023-05-19,13,161.1,Store,Cash,6.0
2023-03-22,Mussels ,2023-04-28,9,155.12,Store,Visa,0.0
2023-04-15,Beef ,2023-05-29,7,70.8,App,Visa,5.0
2023-04-23,Beer ,2023-04-28,9,170.62,Store,Visa,25.0
2023-04-26,Bread ,2023-04-29,16,12.3,Store,Cash,18.5
2023-04-08,Cheese ,2023-06-09,12,162.83,Store,Cash,8.5
2023-04-25,Orange Roughy 6/8 Oz,2023-07-06,3,144.86,Store,Cash,0.0
2023-05-11,Quiche Assorted,2023-06-19,13,187.39,Store,Cash,7.0
2023-05-09,Cherries ,2023-07-27,9,86.3,App,Visa,0.0
2023-04-01,Appetizer ,2023-05-24,6,127.16,App,Visa,0.0
2023-04-05,Wine ,2023-07-04,16,158.97,Store,Visa,7.5
2023-04-30,External Supplier,2023-06-15,10,177.68,App,Visa,0.0
2023-03-17,The Pop Shoppe Pinapple,2023-04-06,1,52.58,App,Visa,10.0
2023-04-05,Wine ,2023-05-10,15,205.55,Store,Visa,5.0
2023-03-20,Beef ,2023-05-06,3,103.91,Store,Cash,0.0
2023-04-12,Yoghurt Tubes,2023-04-28,3,158.6,Store,Cash,14.0
2023-04-24,Fudge ,2023-07-23,4,9.43,Store,Visa,0.0
2023-04-15,Pickles ,2023-06-11,3,187.3,Store,Cash,0.0
2023-03-25,Chef Hat 25cm,2023-04-02,10,104.81,Store,Visa,22.0
2023-03-20,Wheat ,2023-05-13,4,132.78,Store,Cash,0.0
2023-03-25,Soup ,2023-06-02,14,88.34,Store,Cash,0.0
2023-04-01,Bread ,2023-05-04,13,142.45,Store,Visa,7.0
2023-03-26,Bananas,2023-06-05,13,96.36,Store,Visa,7.0
2023-04-01,Glaze ,2023-05-16,16,19.3,Store,Cash,10.0
2023-04-02,Wine ,2023-06-20,16,44.0,Store,Visa,7.5
2023-03-31,Cheese ,2023-05-09,7,29.6,Store,Cash,7.5
2023-05-11,Nori Sea Weed ,2023-06-30,15,217.08,App,Visa,0.0
2023-03-23,Wine La Vielle Ferme Cote Du,2023-05-01,16,149.99,Store,Cash,30.0
2023-04-22,Coffee ,2023-06-05,11,148.69,App,Visa,7.0
2023-04-20,Marjoram ,2023-06-13,2,25.33,App,Visa,0.0
2023-05-09,The Pop Shoppe Pinapple,2023-05-19,16,133.54,Store,Cash,15.0
2023-04-09,Crawfish,2023-04-22,11,161.66,Store,Cash,12.0
2023-04-06,Pork ,2023-06-22,2,108.18,Store,Visa,0.0
2023-05-08,Beer ,2023-06-09,3,137.12,App,Visa,0.0
2023-05-02,Napkin ,2023-06-05,12,126.32,App,Visa,7.0
2023-03-13,Wine ,2023-05-23,13,148.59,Store,Visa,6.0
2023-04-17,Scrubbie ,2023-06-16,9,130.41,Store,Cash,0.0
2023-04-03,Kellogs Raisan Bran Bars,2023-05-04,1,49.13,Store,Visa,0.0
2023-04-29,Wine ,2023-05-14,10,226.91,App,Visa,10.0
2023-03-15,Pumpkin,2023-03-24,7,141.67,Store,Visa,13.0
2023-05-11,Brandy Cherry ,2023-06-23,10,118.87,App,Visa,0.0
2023-03-17,Wine ,2023-03-28,1,111.96,Store,Cash,12.0
2023-04-11,Tomatoes ,2023-06-13,6,22.32,Store,Cash,0.0
2023-04-05,Mousse ,2023-06-09,9,194.32,App,Visa,0.0
2023-03-13,Cheese ,2023-03-31,1,111.85,Store,Cash,11.0
2023-04-03,Flour ,2023-05-14,4,11.43,Store,Visa,0.0
2023-04-24,Tart Shells ,2023-07-20,8,102.87,Store,Cash,5.0
2023-04-10,Clams ,2023-04-17,8,211.63,App,Visa,14.0
2023-05-06,Honey ,2023-06-14,13,115.33,Store,Cash,7.0
2023-04-27,Thyme ,2023-07-20,11,182.65,Store,Cash,7.0
2023-05-04,V8 Splash Strawberry Kiwi,2023-07-02,12,215.58,Store,Cash,7.0
2023-04-13,Jameson Irish Whiskey,2023-06-30,17,90.98,App,Visa,10.0
2023-04-05,Lemonade ,2023-05-12,7,54.74,Store,Cash,5.0
2023-03-16,Coconut ,2023-04-11,14,175.51,App,Visa,4.0
2023-05-04,Pepper ,2023-07-08,14,177.57,App,Visa,0.0
2023-04-22,Petit Baguette,2023-06-01,2,184.09,App,Visa,0.0
2023-03-23,Juice ,2023-04-19,1,121.71000000000001,Store,Cash,26.5
2023-04-02,Onions ,2023-05-06,15,147.93,Store,Cash,0.0
2023-03-16,Wine ,2023-04-12,3,60.06999999999999,App,Visa,4.0
2023-05-10,Chips Potato All Dressed ,2023-06-08,16,29.32,Store,Cash,5.5
2023-04-30,Pastrami,2023-07-19,1,153.31,Store,Cash,0.0
2023-04-29,Sobe ,2023-07-28,6,43.28,Store,Visa,0.0
2023-04-20,Cheese ,2023-05-26,15,202.0,Store,Cash,10.0
2023-03-15,Jicama,2023-05-05,10,236.23,Store,Cash,0.0
2023-04-30,Wine ,2023-05-28,4,195.87,App,Visa,3.5
2023-03-13,Ginger ,2023-05-09,6,112.72,Store,Cash,0.0
2023-04-28,Blue Curacao ,2023-06-05,13,76.43,Store,Visa,7.0
2023-05-05,Pail ,2023-06-06,11,225.62,Store,Visa,7.0
2023-04-06,Pork ,2023-06-01,17,180.32,Store,Cash,10.0
2023-04-01,Table Cloth ,2023-06-16,3,3.83,App,Visa,0.0
2023-04-05,Ostrich ,2023-06-04,13,32.62,App,Visa,7.0
2023-03-25,Potatoes ,2023-06-22,3,110.03,Store,Cash,0.0
2023-03-27,Fish ,2023-05-17,1,135.58,Store,Visa,0.0
2023-04-10,Oil ,2023-05-24,12,164.54,Store,Visa,7.0
2023-04-28,Bread ,2023-06-18,7,242.0,Store,Visa,5.0
2023-03-15,Table Cloth 120 Round White,2023-06-02,17,104.51,App,Visa,10.0
2023-05-03,Pork Ham Prager,2023-07-16,11,31.619999999999997,App,Visa,7.0
2023-03-18,Dc ,2023-04-23,12,221.91,App,Visa,7.0
2023-04-06,Yeast Dry ,2023-05-14,3,173.94,Store,Cash,0.0
2023-04-29,Veal Inside ,2023-07-28,11,-2.2699999999999996,Store,Cash,7.0
2023-04-07,Pepper ,2023-06-01,1,70.85,App,Visa,0.0
2023-04-24,Chef Hat 20cm,2023-05-25,2,25.15,Store,Visa,0.0
2023-05-08,Oil ,2023-07-28,16,14.09,App,Visa,10.0
2023-04-01,Basil ,2023-05-05,4,237.09,Store,Visa,0.0
2023-04-08,Fennel ,2023-06-12,6,216.99,Store,Cash,0.0
2023-04-12,Gingerale ,2023-04-27,3,-3.880000000000001,App,Visa,15.0
2023-03-14,Duck ,2023-05-06,17,151.92,Store,Cash,10.0
2023-04-23,Truffle ,2023-05-03,7,188.42,Store,Visa,12.5
2023-03-17,Lobak,2023-06-01,1,123.8,Store,Cash,0.0
2023-04-19,Pasta ,2023-06-25,8,90.68,Store,Cash,5.0
2023-04-29,Plate Foam Laminated 9in Blk,2023-05-13,10,198.18,Store,Cash,16.0
2023-03-14,Pasta ,2023-05-15,5,83.36,Store,Cash,0.0
2023-03-28,Chocolate ,2023-04-24,3,51.68,Store,Cash,3.0
2023-04-01,Bagel ,2023-05-10,4,143.13,Store,Cash,0.0
2023-03-16,Horseradish Root,2023-03-22,14,116.21000000000001,App,Visa,24.0
2023-04-25,Bamboo Shoots ,2023-05-22,17,-2.13,App,Visa,6.5
2023-05-04,Sauce ,2023-08-02,1,171.96,Store,Visa,0.0
2023-03-30,Cotton Wet Mop 16 Oz,2023-05-27,4,206.75,Store,Cash,0.0
2023-04-13,Cheese ,2023-05-11,11,86.7,Store,Cash,8.5
2023-04-11,Wine ,2023-05-04,7,243.5,App,Visa,6.0
2023-04-14,Mop Head ,2023-07-09,15,103.03,Store,Visa,0.0
2023-04-24,Eggwhite Frozen,2023-07-15,14,239.98,Store,Visa,0.0
2023-04-08,Truffle Cups ,2023-05-24,5,151.69,Store,Visa,0.0
2023-04-17,Muskox ,2023-06-09,10,61.34,App,Visa,0.0
2023-05-10,Sprite Diet ,2023-05-15,17,-12.98,Store,Cash,17.5
2023-03-31,Burger Veggie,2023-06-20,10,119.32,Store,Visa,0.0
2023-04-25,Food Colouring ,2023-06-22,12,103.22,App,Visa,7.0
2023-04-09,Truffle Cups ,2023-05-30,11,184.82,App,Visa,7.0
2023-05-04,Ostrich ,2023-07-01,7,244.79,App,Visa,5.0
2023-04-04,Sole ,2023-06-24,17,225.06,App,Visa,10.0
2023-05-06,Muffin Batt ,2023-06-14,3,43.01,Store,Cash,0.0
2023-03-18,Pork ,2023-04-29,11,49.66,Store,Cash,7.0
2023-05-07,Bread ,2023-05-31,9,157.09,Store,Visa,6.0
2023-04-02,Island Oasis ,2023-05-17,15,199.42,Store,Visa,0.0
2023-04-17,Cheese ,2023-05-18,1,204.08,App,Visa,10.0
2023-04-06,Food Colouring ,2023-06-18,3,244.82,App,Visa,0.0
2023-03-27,Bread ,2023-06-13,11,-3.3,App,Visa,7.0
2023-05-01,Parsley ,2023-07-20,12,167.57,App,Visa,7.0
2023-03-22,Pop ,2023-04-26,2,199.86,Store,Cash,0.0
2023-04-06,Muffin Hinge 117n,2023-07-03,3,23.57,App,Visa,0.0
2023-03-31,Hipnotiq Liquor,2023-05-10,1,132.92,Store,Visa,0.0
2023-03-18,Jameson ,2023-04-14,10,91.05,App,Visa,3.0
2023-03-19,Peas Snow,2023-05-06,12,194.55,Store,Cash,7.0
2023-03-14,Soup ,2023-05-30,7,161.86,App,Visa,5.0
2023-04-26,Soup Campbells Split Pea And Ham,2023-07-25,6,88.86,App,Visa,0.0
2023-03-17,Beef ,2023-06-15,9,41.68,Store,Visa,0.0
2023-04-14,Water ,2023-05-05,3,164.65,Store,Cash,9.0
2023-05-12,Sesame Seed,2023-06-22,5,227.34,Store,Visa,0.0
2023-03-17,Wine ,2023-05-10,11,152.85,Store,Visa,6.0
2023-04-25,Pork ,2023-07-16,6,142.45,App,Visa,0.0
2023-03-31,Cheese ,2023-06-02,15,203.3,Store,Cash,10.0
2023-04-14,Bread ,2023-07-04,11,14.129999999999999,App,Visa,7.0
2023-03-27,Pork ,2023-04-26,10,221.82,App,Visa,0.0
2023-03-20,Compound ,2023-05-17,17,95.46,Store,Visa,10.0
2023-03-15,Mousse ,2023-06-04,5,117.79,App,Visa,0.0
2023-04-20,Flour ,2023-05-07,6,162.29,Store,Visa,13.0
2023-03-27,Wine ,2023-05-14,16,222.64,Store,Cash,7.5
2023-05-11,Tart Shells ,2023-08-08,10,91.41,App,Visa,0.0
2023-03-15,Gelatine Leaves ,2023-06-07,4,154.74,Store,Cash,0.0
2023-05-03,Soup ,2023-05-25,7,4.699999999999999,App,Visa,6.5
2023-03-20,Sugar ,2023-03-24,1,150.87,Store,Cash,26.0
2023-04-05,Flour ,2023-05-14,3,196.76,Store,Cash,0.0
2023-05-09,Flower ,2023-07-27,8,103.89,Store,Cash,5.0
2023-03-21,Potatoes ,2023-06-14,17,9.030000000000001,Store,Cash,10.0
2023-03-16,Cheese ,2023-04-10,7,172.02,App,Visa,7.5
2023-03-30,Tea ,2023-04-15,5,30.479999999999997,Store,Cash,14.0
2023-04-02,Wine ,2023-04-25,12,168.86,App,Visa,7.0
2023-03-18,Wonton Wrappers,2023-05-06,17,235.21,App,Visa,10.0
2023-03-23,Oranges,2023-04-30,16,138.9,App,Visa,30.0
2023-05-01,Vodka ,2023-05-19,6,10.11,Store,Cash,12.0
2023-05-11,Doilies ,2023-06-20,14,114.09,App,Visa,0.0
2023-04-26,Sauce ,2023-06-17,17,1.7799999999999994,App,Visa,10.0
2023-03-28,Fruit Salad Deluxe,2023-06-14,12,114.28,Store,Cash,7.0
2023-03-20,Tray ,2023-05-09,6,167.8,Store,Visa,0.0
2023-04-17,Shallots,2023-07-12,6,193.62,App,Visa,0.0
2023-05-12,Lobak,2023-05-28,2,48.86,App,Visa,14.0
2023-04-24,The Pop Shoppe ,2023-06-03,7,51.81,Store,Cash,5.0
2023-05-12,Cheese ,2023-05-22,6,51.269999999999996,Store,Cash,15.0
2023-03-19,Bread ,2023-04-16,10,185.56,App,Visa,2.0
2023-03-14,Assorted Desserts,2023-03-23,7,2.9399999999999995,Store,Visa,13.0
2023-03-27,Shrimp ,2023-06-04,17,117.13,App,Visa,10.0
2023-04-02,Appetizer ,2023-04-08,16,-4.6,Store,Cash,17.0
2023-03-28,Shortbread ,2023-04-28,6,105.47,Store,Cash,0.0
2023-05-11,Sausage ,2023-07-28,1,234.17,Store,Cash,0.0
2023-04-13,Raspberries ,2023-05-18,9,193.27,Store,Cash,0.0
2023-03-19,Carbonated Water ,2023-04-03,3,2.1499999999999986,Store,Cash,15.0
2023-05-08,Cookie Dough ,2023-05-28,1,211.69,Store,Visa,10.0
2023-05-11,Coffee Cup 16oz Foam,2023-07-15,12,181.64,Store,Cash,7.0
2023-04-14,Cheese ,2023-05-20,8,190.46,Store,Visa,7.5
2023-03-24,Flour ,2023-06-13,15,230.0,Store,Cash,0.0
2023-03-26,Tobasco Sauce,2023-04-01,1,134.62,Store,Visa,24.0
2023-04-06,Vegetable ,2023-05-19,4,7.2,Store,Visa,0.0
2023-04-12,Macaroons ,2023-06-02,4,180.79,Store,Visa,0.0
2023-04-10,Iced Tea ,2023-04-23,13,-4.04,Store,Cash,12.0
2023-04-10,Cookie Chocolate Chip With,2023-05-21,3,101.45,Store,Cash,0.0
2023-04-19,Wine ,2023-06-11,8,57.95,App,Visa,5.0
2023-03-14,Kale ,2023-06-01,17,115.13,Store,Visa,10.0
2023-04-05,Chevere Logs,2023-06-06,6,99.87,App,Visa,0.0
2023-04-10,Fondant ,2023-06-17,8,156.12,Store,Visa,5.0
2023-04-02,Table Cloth 53x53 White,2023-04-20,8,236.57,Store,Cash,8.5
2023-04-20,Soup ,2023-05-14,2,207.54,Store,Visa,6.0
2023-04-14,Pate ,2023-07-13,12,216.77,Store,Cash,7.0
2023-04-30,Turnip ,2023-07-12,1,239.67,Store,Cash,0.0
2023-04-06,Cheese ,2023-05-10,6,143.26,Store,Cash,10.0
2023-04-23,Oil ,2023-07-13,17,135.27,App,Visa,10.0
2023-04-23,Thyme ,2023-06-20,3,29.72,Store,Cash,0.0
2023-05-04,Hagen Daza ,2023-05-08,15,96.94,Store,Visa,26.0
2023-03-26,Yoplait ,2023-06-15,5,69.06,App,Visa,0.0
2023-04-20,Cream ,2023-07-03,7,198.34,App,Visa,5.0
2023-03-18,Lemon Balm ,2023-05-28,14,58.77,App,Visa,0.0
2023-04-07,Cheese ,2023-05-10,6,30.560000000000002,Store,Visa,10.0
2023-03-30,Stock ,2023-05-02,9,60.72,Store,Cash,0.0
2023-03-26,Onions ,2023-04-10,4,146.28,App,Visa,15.0
2023-04-25,Beef ,2023-05-01,3,-18.31,Store,Visa,24.0
2023-03-18,Beer ,2023-03-19,16,212.84,Store,Cash,19.5
2023-03-15,Soup ,2023-05-22,2,208.53,App,Visa,0.0
2023-04-04,Soup ,2023-06-17,12,119.06,Store,Cash,7.0
2023-03-16,Ice Cream ,2023-06-14,13,-0.8799999999999999,Store,Visa,7.0
2023-05-03,Pork ,2023-06-06,3,209.35,Store,Cash,0.0
2023-05-08,Pecan Raisin ,2023-05-27,14,111.75,Store,Cash,11.0
2023-04-16,Brocolinni ,2023-04-27,6,92.13,Store,Cash,19.0
2023-04-25,Cheese ,2023-06-02,15,-2.4000000000000004,App,Visa,10.0
2023-04-26,Mustard ,2023-07-09,14,125.39,Store,Cash,0.0
2023-04-01,Potatoes ,2023-06-28,11,218.48,Store,Visa,7.0
2023-03-26,Pastry ,2023-04-24,6,240.17,Store,Cash,1.0
2023-04-20,Sparkling Wine ,2023-04-26,15,221.79,Store,Cash,24.0
2023-04-14,Jam ,2023-06-30,14,64.57,Store,Visa,0.0
2023-03-20,Stock ,2023-05-14,12,87.25,App,Visa,7.0
2023-04-10,Poppy Seed,2023-06-10,9,51.14,Store,Visa,0.0
2023-05-04,Fond ,2023-07-06,15,108.81,Store,Visa,0.0
2023-03-17,Artichoke ,2023-05-08,14,219.95,App,Visa,0.0
2023-03-13,Muffin ,2023-04-24,3,127.44,Store,Cash,0.0
2023-03-13,Soup ,2023-06-10,16,152.4,App,Visa,10.0
2023-03-22,Canadian Emmenthal,2023-04-10,16,230.48,Store,Cash,10.5
2023-04-10,Corn ,2023-06-04,15,245.09,App,Visa,0.0
2023-03-26,Lamb Rack Frenched Australian,2023-05-03,1,138.86,Store,Visa,0.0
2023-03-13,Pastry ,2023-05-13,17,156.51,Store,Visa,10.0
2023-04-14,Tortillas ,2023-05-03,6,38.16,App,Visa,11.0
2023-04-03,Steampan ,2023-05-21,15,233.85,Store,Cash,0.0
2023-04-05,Capon ,2023-06-08,3,220.85,Store,Cash,0.0
2023-05-03,Loquat,2023-06-24,14,174.21,Store,Cash,0.0
2023-04-08,Juice ,2023-05-10,7,184.75,Store,Visa,5.0
2023-05-11,Beef ,2023-06-23,7,-3.6399999999999997,Store,Cash,5.0
2023-05-12,Pancetta,2023-07-13,6,181.83,Store,Visa,0.0
2023-04-09,Garlic ,2023-04-19,17,117.65,Store,Cash,15.0
2023-05-02,Ranchero ,2023-07-01,8,157.54,App,Visa,5.0
2023-04-02,Wine ,2023-05-15,3,87.21,Store,Visa,5.0
2023-03-16,Potatoes ,2023-04-16,5,78.01,App,Visa,0.0
2023-04-28,Triple Sec ,2023-05-18,4,34.35,Store,Cash,10.0
2023-04-06,Longos ,2023-04-14,15,164.92,Store,Cash,22.0
2023-03-22,Onions ,2023-05-16,2,208.6,Store,Visa,0.0
2023-05-04,Pepper ,2023-07-02,16,142.4,Store,Visa,10.0
2023-04-01,Fond ,2023-06-02,11,96.06,App,Visa,7.0
2023-04-01,Beer ,2023-06-28,13,30.049999999999997,Store,Visa,7.0
2023-04-30,Sage Derby,2023-07-06,12,34.48,App,Visa,7.0
2023-03-14,Pasta ,2023-05-01,17,60.45,App,Visa,10.0
2023-03-25,Lady Fingers,2023-03-28,13,206.14,App,Visa,17.0
2023-03-17,Pop ,2023-05-06,7,123.83000000000001,Store,Cash,5.0
2023-05-12,Cardamon Ground,2023-06-19,7,79.84,App,Visa,5.0
2023-04-01,Ice Cream ,2023-04-06,5,28.47,Store,Visa,25.0
2023-03-20,Five Alive Citrus,2023-03-27,4,28.520000000000003,Store,Visa,23.0
2023-03-21,Bagel ,2023-06-03,7,164.41,Store,Visa,5.0
2023-04-28,Cheese ,2023-07-16,15,103.75,Store,Cash,10.0
2023-03-14,Chocolate ,2023-05-09,1,57.02,App,Visa,0.0
2023-03-15,Tea Leaves ,2023-03-18,14,48.78,Store,Cash,27.0
2023-04-14,Chilli Paste Hot Sambal Oelek,2023-05-16,15,20.58,Store,Cash,0.0
2023-04-09,Red Cod Fillets ,2023-06-15,14,234.77,Store,Cash,0.0
2023-03-27,Fuji Apples,2023-05-10,14,130.74,Store,Cash,0.0
2023-05-03,Bread ,2023-07-01,2,214.24,Store,Cash,0.0
2023-04-23,Cocktail Napkin Blue,2023-06-11,3,5.02,Store,Cash,0.0
2023-04-24,Soup ,2023-06-05,7,152.84,Store,Visa,5.0
2023-03-29,Coffee ,2023-04-25,12,196.33,Store,Cash,5.0
2023-03-17,Glycerine,2023-06-02,16,230.75,App,Visa,10.0
2023-04-21,Lobster ,2023-06-18,6,232.62,Store,Cash,0.0
2023-03-21,Milk ,2023-04-01,16,67.51,Store,Visa,14.5
2023-04-26,Cookie Choc,2023-06-09,14,236.92,Store,Cash,0.0
2023-04-28,Beer ,2023-07-26,16,54.97,App,Visa,10.0
2023-03-29,Spinach ,2023-06-18,4,71.74,Store,Cash,0.0
2023-03-15,Chinese Foods ,2023-06-09,16,205.06,App,Visa,10.0
2023-05-03,Cranberries ,2023-05-11,9,193.56,Store,Cash,22.0
2023-04-13,Soup ,2023-06-11,15,116.4,Store,Cash,0.0
2023-05-11,General Purpose Trigger,2023-05-14,9,216.88,Store,Cash,27.0
2023-03-24,Liqueur Banana Ramazzotti,2023-03-26,13,113.88999999999999,App,Visa,17.5
2023-04-21,Bagelers,2023-06-13,16,192.73,Store,Cash,10.0
2023-03-17,Chocolate Bar ,2023-05-03,6,36.23,Store,Visa,0.0
2023-03-23,Longos ,2023-06-03,16,19.18,Store,Cash,30.0
2023-04-28,Beer ,2023-07-04,8,33.44,Store,Cash,5.0
2023-05-07,Ice Cream ,2023-07-07,16,53.29,App,Visa,10.0
2023-05-05,Bacardi Breezer ,2023-06-05,11,-0.9800000000000004,App,Visa,7.0
2023-04-07,Beef ,2023-05-27,15,214.75,App,Visa,0.0
2023-03-24,Sprouts Dikon,2023-05-18,11,191.74,Store,Cash,7.0
2023-03-13,Pasta ,2023-05-10,9,210.88,Store,Cash,0.0
2023-04-08,Chicken ,2023-04-29,12,83.7,Store,Cash,8.0
2023-04-10,Wine ,2023-06-15,14,100.92,Store,Cash,5.0
2023-05-05,Appetizer ,2023-06-18,12,210.6,Store,Cash,7.0
2023-05-06,Phyllo Dough,2023-06-18,7,244.92,Store,Cash,5.0
2023-04-14,Cheese ,2023-05-21,6,65.17,App,Visa,10.0
2023-05-01,Jam ,2023-05-30,3,70.6,Store,Cash,1.0
2023-05-12,Wine ,2023-05-16,15,98.92,Store,Cash,15.5
2023-05-04,Creamers ,2023-07-13,16,172.77,App,Visa,10.0
2023-03-20,Wine ,2023-05-26,10,83.12,Store,Cash,5.0
2023-03-19,Wine ,2023-06-17,10,105.96,Store,Cash,5.0
2023-04-25,Filter ,2023-06-27,12,41.79,Store,Visa,7.0
2023-03-13,Ice Cream Bar ,2023-04-15,7,228.66,Store,Cash,5.0
2023-03-23,Ham ,2023-06-13,14,112.00999999999999,Store,Visa,50.0
2023-04-02,Juice ,2023-04-06,9,39.97,App,Visa,26.0
2023-04-23,Magnotta Bel Paese Red,2023-06-28,4,9.69,App,Visa,0.0
2023-04-12,Sauce Bbq Smokey,2023-05-21,1,111.91,Store,Cash,0.0
2023-03-14,Mix Pina Colada,2023-05-18,11,125.35,Store,Visa,7.0
2023-03-29,Chicken ,2023-06-09,3,226.77,App,Visa,0.0
2023-04-29,Sprouts ,2023-07-28,15,83.76,App,Visa,0.0
2023-03-17,Sugar Thermometer,2023-06-08,9,35.86,Store,Cash,0.0
2023-05-02,Butter ,2023-05-25,9,-0.3600000000000003,App,Visa,7.0
2023-05-12,Garam Marsala,2023-06-09,8,38.86,Store,Cash,3.5
2023-05-08,Mudslide,2023-06-09,7,123.4,Store,Cash,5.0
2023-03-17,Ecolab ,2023-06-03,7,122.84,Store,Visa,5.0
2023-05-01,Noodles ,2023-07-14,17,161.0,Store,Cash,10.0
2023-04-16,Appetizer ,2023-06-30,11,117.86,Store,Cash,7.0
2023-04-21,Thyme ,2023-06-29,3,85.66,App,Visa,0.0
2023-04-19,Coffee ,2023-05-03,4,165.44,Store,Visa,16.0
2023-04-09,Ecolab ,2023-07-06,4,11.47,Store,Cash,0.0
2023-04-21,Sour Puss ,2023-06-20,9,187.57,Store,Visa,0.0
2023-03-28,Napkin Colour,2023-06-01,3,95.55,Store,Cash,0.0
2023-03-16,Passion Fruit,2023-04-13,5,45.25,Store,Visa,2.0
2023-04-21,Beef ,2023-06-25,6,216.68,App,Visa,0.0
2023-05-06,Calypso ,2023-05-28,8,130.28,App,Visa,6.5
2023-05-03,Soupfoamcont12oz 112con,2023-07-21,13,53.32,Store,Visa,7.0
2023-03-14,Fudge ,2023-03-23,12,211.99,App,Visa,14.0
2023-05-10,Gingerale ,2023-05-23,10,176.2,Store,Visa,17.0
2023-05-05,Trueblue ,2023-07-19,3,51.38,Store,Cash,0.0
2023-04-20,Calypso ,2023-05-12,12,0.8100000000000005,Store,Cash,7.5
2023-05-07,Puree ,2023-05-23,10,120.58000000000001,Store,Cash,14.0
2023-03-17,Pate ,2023-04-28,1,70.2,Store,Cash,0.0
2023-04-07,Hipnotiq Liquor,2023-06-04,16,12.23,Store,Cash,10.0
2023-04-04,Icecream ,2023-04-12,3,162.39,Store,Cash,22.0
2023-04-23,Muffin Mix ,2023-05-12,12,219.89,Store,Visa,9.0
2023-04-25,Mushroom ,2023-06-14,15,50.24,Store,Visa,0.0
2023-04-29,Foie Gras,2023-07-22,6,28.35,App,Visa,0.0
2023-04-02,Pepperoni Slices,2023-04-30,8,126.52000000000001,Store,Visa,3.5
2023-03-13,Cake ,2023-05-03,11,211.23,Store,Cash,7.0
2023-04-25,Mahi Mahi,2023-05-22,6,14.809999999999999,App,Visa,3.0
2023-03-13,Beans ,2023-04-14,17,128.42,Store,Cash,10.0
2023-04-17,Mushrooms ,2023-06-05,4,144.18,App,Visa,0.0
2023-04-23,Longos ,2023-05-27,12,229.92,Store,Cash,7.0
2023-04-26,Food Colouring ,2023-06-17,3,216.56,Store,Cash,0.0
2023-05-04,Veal ,2023-07-01,14,166.26,Store,Cash,0.0
2023-04-22,Olive ,2023-06-03,6,188.99,Store,Visa,0.0
2023-04-04,Foil ,2023-04-29,9,130.32,Store,Cash,5.0
2023-03-23,Scallops ,2023-04-29,16,-14.34,Store,Cash,30.0
2023-04-06,Bag ,2023-05-10,16,98.67,Store,Cash,10.0
2023-05-06,Carbonated Water ,2023-07-21,6,111.15,App,Visa,0.0
2023-03-13,Wine ,2023-04-12,12,64.29,Store,Visa,6.0
2023-04-22,Amarula Cream,2023-04-28,13,34.87,App,Visa,15.5
2023-04-23,Salmon ,2023-05-31,10,206.7,App,Visa,0.0
2023-04-19,Sugar Thermometer,2023-06-14,14,196.59,Store,Cash,0.0
2023-04-03,Liqueur ,2023-04-18,11,201.54,Store,Cash,11.0
2023-04-25,Madeira,2023-07-18,14,129.0,Store,Cash,0.0
2023-04-27,Flower ,2023-07-09,4,134.57,Store,Visa,0.0
2023-03-19,Capon ,2023-05-23,6,32.99,App,Visa,0.0
2023-04-11,Smoked Tongue,2023-06-19,11,109.12,Store,Visa,7.0
2023-04-17,Apple ,2023-05-17,2,236.66,App,Visa,0.0
2023-04-20,Pork ,2023-06-26,17,150.41,App,Visa,10.0
2023-04-27,Island Oasis ,2023-06-14,8,16.59,App,Visa,5.0
2023-04-29,Pepper ,2023-06-15,1,82.75,Store,Cash,0.0
2023-04-25,Wine ,2023-07-09,8,226.85,Store,Cash,5.0
2023-04-08,Soup ,2023-05-21,6,75.73,Store,Visa,0.0
2023-04-24,Water ,2023-07-08,9,246.21,App,Visa,0.0
2023-03-23,Onions ,2023-05-02,17,41.44,App,Visa,30.0
2023-04-18,Rice ,2023-06-24,13,138.71,Store,Cash,7.0
2023-04-29,Snapple Lemon Tea,2023-07-03,13,83.59,Store,Visa,7.0
2023-05-11,Nut ,2023-06-06,9,119.2,Store,Visa,4.0
2023-04-07,Bread ,2023-05-09,15,181.13,App,Visa,0.0
2023-04-26,Pasta ,2023-07-17,4,200.73,Store,Visa,0.0
2023-03-29,Milk ,2023-04-10,4,212.51,Store,Cash,18.0
2023-05-01,Beans ,2023-07-05,15,112.63,App,Visa,0.0
2023-04-21,Longos ,2023-05-14,9,240.62,Store,Cash,7.0
2023-04-27,Bread ,2023-06-04,8,-2.77,App,Visa,5.0
2023-03-19,Soup ,2023-06-09,10,86.47,Store,Visa,0.0
2023-03-16,Corn Meal,2023-03-17,16,5.030000000000001,Store,Cash,19.5
2023-04-17,Jerusalem Artichoke,2023-06-15,4,203.16,Store,Visa,0.0
2023-05-12,Ocean Spray ,2023-07-31,11,168.29,Store,Visa,7.0
2023-04-06,Silicone Parch. 16.3x24.3,2023-06-04,2,38.77,Store,Visa,0.0
2023-05-06,Sachet,2023-05-14,5,59.34,Store,Cash,22.0
2023-03-19,Spaghetti Squash,2023-03-30,9,-8.23,Store,Cash,19.0
2023-04-11,Coffee Beans ,2023-06-02,12,95.37,Store,Visa,7.0
2023-04-26,Bread ,2023-05-29,13,238.49,App,Visa,7.0
2023-04-20,Egg Patty Fried,2023-05-02,7,171.12,Store,Cash,11.5
2023-04-09,Grenadillo,2023-07-08,7,65.22,App,Visa,5.0
2023-03-30,Island Oasis ,2023-06-04,13,60.7,Store,Cash,7.0
2023-04-12,Marsala ,2023-04-22,12,100.27,Store,Cash,13.5
2023-04-28,Snapple ,2023-05-06,1,89.28,Store,Cash,22.0
2023-03-21,Wine ,2023-04-09,11,116.98,App,Visa,9.0
2023-05-07,Bread ,2023-05-30,16,125.15,Store,Cash,8.5
2023-04-28,Sugar ,2023-05-02,12,93.32,Store,Cash,16.5
2023-04-15,Snapple Lemon Tea,2023-06-16,1,237.89,Store,Cash,0.0
2023-04-24,Trout ,2023-07-23,12,178.12,Store,Cash,7.0
2023-03-29,Chutney Sauce ,2023-06-13,8,211.72,Store,Visa,5.0
2023-04-01,Wine ,2023-06-24,8,171.57,App,Visa,5.0
2023-04-02,Lobster ,2023-04-29,13,181.23,Store,Cash,5.0
2023-03-15,Pastry ,2023-03-20,4,87.38,Store,Visa,25.0
2023-03-19,Pepper ,2023-04-19,2,236.64,Store,Visa,0.0
2023-04-28,Tomatoes,2023-06-16,14,8.53,App,Visa,0.0
2023-03-20,Water ,2023-04-04,17,130.99,Store,Visa,12.5
2023-04-13,Beer ,2023-07-11,15,176.36,Store,Cash,0.0
2023-05-01,Bouillion ,2023-07-30,6,91.44,Store,Cash,0.0
2023-04-13,Edible Flower ,2023-06-17,11,51.36,App,Visa,7.0
2023-04-13,Split Peas ,2023-04-19,2,180.16,App,Visa,24.0
2023-05-05,Fib N9 ,2023-07-09,1,4.5,Store,Cash,0.0
2023-04-09,Pickle ,2023-04-22,13,118.19999999999999,App,Visa,12.0
2023-03-30,Truffle Cups ,2023-04-04,13,127.75,App,Visa,16.0
2023-04-13,Broom ,2023-06-23,17,233.87,Store,Cash,10.0
2023-03-30,Juice ,2023-06-26,6,15.79,Store,Visa,0.0
2023-04-12,Sauce ,2023-07-04,13,76.88,Store,Cash,7.0
2023-04-16,Wine ,2023-05-26,5,180.28,Store,Visa,5.0
2023-05-02,Cheese ,2023-05-30,14,90.63,App,Visa,6.0
2023-03-26,Horseradish Root,2023-06-05,15,10.34,App,Visa,0.0
2023-04-23,Turnip ,2023-06-15,15,94.8,Store,Cash,0.0
2023-03-23,Cumin ,2023-06-20,9,-29.03,Store,Visa,50.0
2023-04-02,Yogurt ,2023-07-01,8,22.4,Store,Cash,5.0
2023-04-06,Cinnamon Rolls,2023-04-17,5,52.47,Store,Visa,19.0
2023-05-12,Wine ,2023-05-19,11,112.04,Store,Cash,15.0
2023-03-30,Dome Lid Clear P92008h,2023-04-19,2,112.41,Store,Cash,10.0
2023-03-19,Beef ,2023-04-24,7,146.37,Store,Cash,5.0
2023-04-02,Mahi Mahi,2023-05-03,1,134.35,App,Visa,0.0
2023-03-27,Horseradish Root,2023-04-18,6,182.46,Store,Visa,8.0
2023-04-21,Bread ,2023-07-14,5,140.94,App,Visa,0.0
2023-04-15,Sprite Diet ,2023-06-11,16,125.28999999999999,App,Visa,10.0
2023-03-20,Eggplant Italian,2023-04-11,16,132.4,Store,Cash,9.0
2023-04-13,Pasta ,2023-06-05,8,228.12,Store,Cash,5.0
2023-05-01,Pastry ,2023-05-21,8,7.92,Store,Cash,7.5
2023-04-17,Veal ,2023-05-10,14,184.97,Store,Cash,7.0
2023-05-12,Bag ,2023-07-03,11,17.42,App,Visa,7.0
2023-04-11,Crackers ,2023-06-12,13,47.93,Store,Cash,7.0
2023-03-29,Oysters ,2023-06-01,17,93.28,Store,Cash,10.0
2023-05-06,Water ,2023-05-24,5,157.85,Store,Cash,12.0
2023-03-21,Beef ,2023-06-12,4,71.58,Store,Cash,0.0
2023-04-07,Wine ,2023-05-25,1,57.44,App,Visa,5.0
2023-05-12,Juice ,2023-08-04,2,146.2,App,Visa,0.0
2023-05-04,Ice Cream Bar ,2023-05-18,5,95.87,Store,Visa,16.0
2023-04-07,Beef ,2023-05-11,14,41.46,Store,Cash,0.0
2023-03-29,Dates,2023-06-06,1,191.02,Store,Cash,0.0
2023-04-19,Spice ,2023-07-18,6,43.22,Store,Cash,0.0
2023-04-11,Creme De Cacao White,2023-05-07,13,66.13,Store,Visa,5.5
2023-03-23,Oil ,2023-05-30,7,-15.78,Store,Cash,27.5
2023-03-29,Wine ,2023-04-14,8,106.94,Store,Visa,9.5
2023-03-24,Wine ,2023-05-03,2,159.81,Store,Cash,5.0
2023-04-17,Bread ,2023-05-08,12,150.12,App,Visa,8.0
2023-03-24,Filter ,2023-04-19,10,99.78,App,Visa,4.0
2023-05-12,Pasta ,2023-06-30,16,169.14,Store,Cash,10.0
2023-05-07,Gherkin,2023-06-15,5,176.37,Store,Cash,0.0
2023-04-22,Swordfish Loin Portions,2023-05-08,11,4.32,Store,Cash,10.5
2023-05-02,Sausage ,2023-07-31,15,38.38,App,Visa,0.0
2023-04-21,Sauce ,2023-05-24,17,102.69,Store,Cash,10.0
2023-04-18,Hinge W Undercut,2023-05-07,15,105.7,Store,Visa,11.0
2023-04-15,Wine ,2023-07-08,11,115.46,App,Visa,6.0
2023-04-06,Container ,2023-05-05,3,186.58,App,Visa,1.0
2023-04-10,Pastry ,2023-05-04,11,219.62,Store,Cash,6.5
2023-04-28,Appetizer ,2023-07-16,10,87.97,Store,Cash,0.0
2023-05-07,Carbonated Water ,2023-05-28,14,232.26,Store,Cash,9.0
2023-03-25,Wine ,2023-06-14,3,206.55,App,Visa,5.0
2023-04-02,Tomatoes ,2023-04-27,1,242.74,Store,Visa,5.0
2023-04-27,Ice Cream ,2023-06-03,4,21.62,App,Visa,0.0
2023-05-01,Lobster ,2023-05-22,3,204.03,App,Visa,9.0
2023-03-26,Tomatoes ,2023-05-28,7,31.840000000000003,Store,Visa,5.0
2023-05-03,Bread ,2023-05-12,4,212.47,Store,Cash,21.0
2023-04-27,Cheese ,2023-05-31,17,128.49,Store,Cash,10.0
2023-05-10,Oil ,2023-05-26,14,24.560000000000002,Store,Visa,14.0
2023-04-27,Milkettes ,2023-07-11,17,156.49,Store,Cash,10.0
2023-03-25,Mushroom ,2023-05-11,6,205.6,Store,Visa,0.0
2023-03-24,Langers ,2023-06-04,17,228.93,Store,Cash,10.0
2023-05-07,Coffee ,2023-05-20,14,210.66,Store,Cash,17.0
2023-03-30,Wine ,2023-04-12,9,188.39,Store,Visa,11.0
2023-03-25,Nantucket ,2023-05-26,13,157.42,App,Visa,7.0
2023-04-23,Bar Mix ,2023-06-01,10,86.94,Store,Cash,0.0
2023-04-02,Brandy Apricot,2023-06-27,5,94.28,Store,Cash,0.0
2023-05-09,Bread ,2023-05-15,12,125.25999999999999,Store,Cash,15.5
2023-04-03,Chevril,2023-05-29,11,42.01,App,Visa,7.0
2023-04-28,Cocoa Feuilletine,2023-05-19,4,38.61,Store,Cash,9.0
2023-03-18,Spinach ,2023-04-10,2,220.38,Store,Cash,7.0
2023-05-11,Tea ,2023-07-05,6,67.86,Store,Cash,0.0
2023-05-06,The Pop Shoppe ,2023-07-07,4,235.13,Store,Cash,0.0
2023-03-27,Onions ,2023-06-02,15,178.41,App,Visa,0.0
2023-03-21,Wine ,2023-05-14,17,169.86,Store,Cash,7.5
2023-03-25,Chicken ,2023-04-26,15,96.03,Store,Cash,0.0
2023-04-15,Scallops ,2023-07-10,4,34.29,Store,Cash,0.0
2023-03-20,Wine ,2023-05-12,3,151.18,Store,Cash,5.0
2023-04-05,Lime Cordial ,2023-05-19,11,200.53,App,Visa,7.0
2023-05-10,Muffin Hinge 117n,2023-07-12,8,206.66,Store,Visa,5.0
2023-04-28,Beer ,2023-05-15,17,178.06,Store,Cash,11.5
2023-03-19,Wine ,2023-05-09,6,189.58,Store,Cash,5.0
2023-03-28,Tomato Puree,2023-06-05,17,75.62,Store,Cash,10.0
2023-04-17,Pork ,2023-07-01,17,127.5,App,Visa,10.0
2023-04-03,Jerusalem Artichoke,2023-06-15,16,95.14,App,Visa,10.0
2023-04-20,Wine ,2023-06-08,7,59.66,App,Visa,5.0
2023-04-20,Corn ,2023-06-14,7,34.27,Store,Cash,5.0
2023-03-15,Banana ,2023-05-13,1,125.19,App,Visa,0.0
2023-03-26,Wine ,2023-05-29,15,207.16,App,Visa,5.0
2023-04-14,Beer ,2023-06-27,13,239.13,App,Visa,7.0
2023-03-26,Wine ,2023-04-03,2,43.2,App,Visa,13.5
2023-03-13,Whmis Spray Bottle Graduated,2023-04-20,10,140.94,App,Visa,0.0
2023-04-02,Shrimp ,2023-05-27,10,220.53,Store,Cash,0.0
2023-04-15,Water ,2023-07-09,14,142.72,Store,Visa,0.0
2023-03-30,Versatainer Nc ,2023-06-22,7,77.05,Store,Cash,5.0
2023-05-06,Wine ,2023-07-17,15,52.09,Store,Visa,5.0
2023-04-16,Beef ,2023-05-17,12,203.3,Store,Cash,7.0
2023-05-06,Wine ,2023-07-31,16,164.84,Store,Cash,7.5
2023-04-07,Fruit Salad Deluxe,2023-06-11,14,141.24,App,Visa,0.0
2023-04-06,Pepper ,2023-05-28,7,67.15,App,Visa,5.0
2023-04-29,Squid ,2023-06-07,6,2.65,Store,Cash,0.0
2023-03-19,Beef ,2023-04-29,5,229.73,Store,Cash,0.0
2023-04-28,Salmon ,2023-07-09,13,76.34,Store,Visa,7.0
2023-04-24,Juice ,2023-07-09,6,31.89,App,Visa,0.0
2023-04-26,Skirt ,2023-07-02,7,1.3499999999999996,App,Visa,5.0
2023-03-17,Lamb ,2023-04-04,9,228.21,Store,Cash,12.0
2023-04-10,Cheese ,2023-05-15,3,229.62,App,Visa,10.0
2023-05-10,Cheese ,2023-05-15,14,47.59,App,Visa,17.5
2023-03-27,Temperature Recording Station,2023-04-03,13,141.91,Store,Visa,15.0
2023-05-07,Blueberries ,2023-07-04,2,213.94,Store,Cash,0.0
2023-03-18,Shallots,2023-05-22,4,245.4,App,Visa,0.0
2023-05-05,Bar Mix ,2023-05-30,6,104.11,Store,Visa,5.0
2023-04-16,Vinegar ,2023-05-18,3,128.55,Store,Visa,0.0
2023-03-28,Pepper ,2023-05-05,9,163.06,Store,Visa,0.0
2023-04-22,Cheese ,2023-05-12,3,30.72,Store,Cash,10.0
2023-04-02,Sauce ,2023-04-05,5,111.93,App,Visa,27.0
2023-03-17,Milk ,2023-05-24,1,138.04,App,Visa,0.0
2023-04-11,Soup ,2023-04-13,9,198.77,Store,Cash,28.0
2023-03-13,Beef ,2023-04-04,11,167.99,App,Visa,7.5
2023-05-07,Bread ,2023-06-21,15,89.84,Store,Cash,0.0
2023-05-08,Wine ,2023-06-03,14,83.98,App,Visa,4.5
2023-03-19,Soup Campbells Split Pea And Ham,2023-03-24,16,203.1,Store,Cash,17.5
2023-04-19,Pike ,2023-07-17,3,246.97,Store,Cash,0.0
2023-05-04,Edible Flower ,2023-07-18,6,27.77,Store,Visa,0.0
2023-04-16,Bread ,2023-05-28,12,47.51,Store,Visa,7.0
2023-04-07,Ginger ,2023-04-20,11,117.22,App,Visa,12.0
2023-03-26,Doilies ,2023-06-19,10,118.43,App,Visa,0.0
2023-05-07,Onions ,2023-07-25,9,41.21,Store,Cash,0.0
2023-04-12,Container ,2023-06-20,14,115.98,Store,Cash,0.0
2023-05-06,Oxtail ,2023-07-19,15,53.93,Store,Cash,0.0
2023-03-17,Juice Peach Nectar,2023-03-27,15,216.75,Store,Visa,20.0
2023-04-01,Lamb Shoulder Boneless Nz,2023-04-24,2,37.85,Store,Cash,7.0
2023-04-02,Crab ,2023-05-08,6,53.38,App,Visa,0.0
2023-05-06,Muffin ,2023-05-21,1,105.46,Store,Cash,15.0
2023-04-16,Soup ,2023-05-06,14,95.55,Store,Visa,10.0
2023-04-06,Pepper ,2023-06-18,10,124.43,App,Visa,0.0
2023-05-08,Wooden Mop Handle,2023-07-16,17,211.12,Store,Visa,10.0
2023-04-10,Chilli Paste Ginger Garlic,2023-07-05,2,25.07,Store,Cash,0.0
2023-03-24,Tomatoes ,2023-05-11,14,65.78,App,Visa,0.0
2023-04-18,Dried Peach,2023-04-29,15,199.55,Store,Cash,19.0
2023-05-06,Lumpfish Black,2023-05-15,5,175.47,App,Visa,21.0
2023-05-01,Lettuce Romaine Chopped,2023-07-09,13,134.92,Store,Visa,7.0
2023-03-14,Danishes ,2023-05-06,12,156.31,Store,Cash,7.0
2023-04-15,Crush ,2023-05-15,1,174.23,App,Visa,0.0
2023-04-29,Cream ,2023-05-11,10,87.23,Store,Cash,18.0
2023-04-08,Sauerkraut,2023-05-14,14,164.65,App,Visa,0.0
2023-04-05,Cup Translucent 9 Oz,2023-04-20,15,158.74,App,Visa,15.0
2023-04-08,Cheese ,2023-05-29,5,194.0,Store,Visa,10.0
2023-04-22,Pastry ,2023-05-23,5,128.64,App,Visa,0.0
2023-04-26,Cape Capensis ,2023-05-05,7,23.43,App,Visa,13.0
2023-04-21,Ocean Spray ,2023-06-28,7,77.37,Store,Cash,5.0
2023-04-23,Veal ,2023-07-04,9,194.02,Store,Cash,0.0
2023-04-03,Squid ,2023-04-25,2,123.02000000000001,Store,Cash,8.0
2023-04-01,Initation Crab Meat,2023-05-26,6,98.29,Store,Cash,0.0
2023-03-30,Pate ,2023-05-31,17,82.53,App,Visa,10.0
2023-05-06,Pasta ,2023-05-16,16,206.46,Store,Cash,15.0
2023-04-07,Samosa ,2023-06-19,13,226.69,Store,Cash,7.0
2023-03-15,Trueblue ,2023-05-11,9,72.06,App,Visa,0.0
2023-04-17,Wine ,2023-04-20,13,231.89,App,Visa,17.0
2023-04-07,Amarula Cream,2023-04-16,2,218.54,Store,Cash,21.0
2023-04-17,Pastrami,2023-05-17,3,35.53,Store,Cash,0.0
2023-04-10,Blue Curacao ,2023-06-28,3,175.6,Store,Cash,0.0
2023-03-20,Straws ,2023-03-26,10,-20.11,Store,Visa,24.0
2023-04-12,Rabbit ,2023-04-22,13,136.04,App,Visa,13.5
2023-04-25,Wine ,2023-05-20,5,139.9,Store,Visa,5.0
2023-03-24,Tomatoes ,2023-04-30,5,192.52,App,Visa,0.0
2023-03-25,Pork ,2023-06-16,17,19.49,Store,Visa,10.0
2023-04-04,Beef ,2023-04-09,15,178.57,Store,Cash,25.0
2023-03-14,Cup ,2023-06-02,3,42.68,Store,Cash,0.0
2023-04-12,Canadian Emmenthal,2023-04-29,11,25.42,Store,Visa,10.0
2023-04-10,Propel Sport Drink,2023-07-09,10,221.83,Store,Cash,0.0
2023-04-26,Langers ,2023-05-24,16,95.45,App,Visa,6.0
2023-04-07,Sour Puss Sour Apple,2023-05-24,1,236.57,App,Visa,0.0
2023-04-11,Pomello,2023-06-04,13,53.39,Store,Cash,7.0
2023-03-27,Cheese Cloth No 100,2023-05-25,17,176.2,App,Visa,10.0
2023-03-20,Bread Base ,2023-06-01,9,238.44,App,Visa,0.0
2023-05-12,Soup ,2023-05-15,3,-4.609999999999999,App,Visa,27.0
2023-03-13,Pepper ,2023-04-30,13,95.37,Store,Cash,7.0
2023-05-04,Salt ,2023-05-08,6,-1.3599999999999994,Store,Cash,26.0
2023-03-30,Cheese ,2023-05-17,10,195.46,Store,Cash,10.0
2023-04-10,Wine ,2023-05-03,1,114.14,Store,Cash,6.0
2023-03-14,Sprouts ,2023-06-03,5,2.57,App,Visa,0.0
2023-03-26,Numi ,2023-05-14,10,88.54,Store,Cash,0.0
2023-03-29,Sambuca Cream,2023-05-05,12,68.83,App,Visa,7.0
2023-05-08,Lemonade ,2023-06-16,15,137.07,Store,Cash,0.0
2023-03-22,Melon ,2023-06-19,10,41.32,Store,Cash,0.0
2023-04-24,Rice Paper,2023-05-15,12,51.57,App,Visa,8.0
2023-04-18,Fruit Salad Deluxe,2023-06-22,8,233.06,Store,Visa,5.0
2023-04-20,Mortadella,2023-06-11,6,230.36,App,Visa,0.0
2023-03-25,Sausage ,2023-04-18,4,24.89,App,Visa,6.0
2023-05-01,Wine ,2023-06-01,9,126.13,App,Visa,5.0
2023-03-18,Cheese ,2023-06-16,7,160.32,App,Visa,7.5
2023-03-17,Oil ,2023-05-02,17,111.19,Store,Visa,10.0
2023-04-08,Soup ,2023-06-22,1,144.03,Store,Visa,0.0
2023-04-19,Cranberries ,2023-07-09,3,139.58,Store,Visa,0.0
2023-05-11,Ezy Change Mophandle,2023-06-09,8,126.63,Store,Cash,3.0
2023-05-04,Gherkin,2023-07-08,8,32.53,App,Visa,5.0
2023-04-17,Carbonated Water ,2023-04-24,12,72.07,Store,Cash,15.0
2023-04-13,Cornstarch,2023-05-14,8,240.26,Store,Cash,5.0
2023-04-19,Iced Tea Concentrate,2023-06-12,6,163.04,App,Visa,0.0
2023-04-18,Pasta ,2023-04-24,4,-3.870000000000001,Store,Cash,24.0
2023-04-14,Sour Puss Raspberry,2023-06-07,8,33.32,App,Visa,5.0
2023-04-24,Bread Country Roll,2023-05-19,2,70.17,Store,Cash,5.0
2023-03-16,Apple ,2023-05-21,15,16.35,App,Visa,0.0
2023-04-27,Soup ,2023-06-07,6,148.72,Store,Cash,0.0
2023-04-14,Trout ,2023-07-08,4,143.96,Store,Cash,0.0
2023-04-09,Beer ,2023-05-21,10,57.34,App,Visa,0.0
2023-04-25,Juice ,2023-06-14,17,168.63,Store,Cash,10.0
2023-04-09,Pike ,2023-06-22,2,119.96,Store,Cash,0.0
2023-05-02,Crab ,2023-05-05,1,179.65,Store,Cash,27.0
2023-03-19,Bag Clear 10 Lb,2023-04-08,13,32.54,Store,Cash,8.5
2023-05-10,Wine ,2023-07-15,10,97.28,Store,Cash,5.0
2023-05-04,Yoghurt Tubes,2023-06-10,17,140.47,App,Visa,10.0
2023-03-17,Milk ,2023-04-19,13,68.7,Store,Cash,7.0
2023-05-03,Toothpick Frilled,2023-05-06,2,222.77,App,Visa,27.0
2023-04-06,Table Cloth 120 Round White,2023-06-07,5,126.5,Store,Cash,0.0
2023-04-09,Vinegar ,2023-07-08,14,218.9,App,Visa,0.0
2023-03-24,Canadian Emmenthal,2023-05-10,15,226.6,Store,Visa,0.0
2023-03-16,Cookies ,2023-05-26,2,167.88,Store,Cash,0.0
2023-05-10,Wine ,2023-06-08,12,111.64,Store,Cash,6.0
2023-04-09,Appetizer ,2023-06-16,12,9.79,App,Visa,7.0
2023-03-30,Rum ,2023-06-13,1,134.62,Store,Visa,0.0
2023-03-15,Lettuce ,2023-03-21,9,31.729999999999997,Store,Cash,24.0
2023-04-20,Broom And Broom Rack White,2023-07-19,6,104.25,Store,Cash,0.0
2023-03-14,Squash ,2023-06-05,11,121.63999999999999,Store,Cash,7.0
2023-04-25,Water ,2023-07-16,14,221.91,Store,Cash,0.0
2023-04-02,Beans ,2023-05-19,17,17.22,Store,Cash,10.0
2023-04-26,Gatorade ,2023-06-09,16,79.79,Store,Cash,10.0
2023-04-13,Beer ,2023-05-13,6,39.62,Store,Cash,0.0
2023-05-08,Soup ,2023-07-19,9,198.75,Store,Visa,0.0
2023-04-21,Pears ,2023-05-08,12,204.24,Store,Cash,10.0
2023-05-03,Pumpkin ,2023-05-20,12,197.73,Store,Cash,10.0
2023-04-27,Cookie Dough ,2023-05-20,13,202.91,App,Visa,7.0
2023-04-03,Cheese ,2023-06-01,15,20.15,App,Visa,10.0
2023-03-17,Seaweed Green Sheets,2023-06-07,5,92.83,Store,Visa,0.0
2023-05-01,Truffle Paste,2023-05-16,13,45.91,App,Visa,11.0
2023-04-24,Mcguinness ,2023-06-08,17,91.32,Store,Visa,10.0
2023-03-21,Sugar ,2023-06-18,7,69.82,Store,Cash,5.0
2023-03-20,Mushroom ,2023-04-15,1,164.44,Store,Cash,4.0
2023-04-09,Bread ,2023-06-17,1,26.95,Store,Cash,0.0
2023-04-11,Wine ,2023-05-25,9,160.52,App,Visa,5.0
2023-05-04,Southern Comfort,2023-05-19,12,198.5,Store,Cash,11.0
2023-04-02,Bread Base ,2023-04-30,12,211.32,Store,Cash,4.5
2023-03-19,Wine ,2023-04-23,12,243.0,Store,Cash,6.0
2023-03-21,Rice ,2023-05-25,3,92.48,Store,Visa,0.0
2023-05-09,Split Peas ,2023-06-24,5,45.82,Store,Cash,0.0
2023-04-27,Oil ,2023-07-10,8,22.11,Store,Visa,5.0
2023-03-26,Lamb ,2023-04-01,16,26.78,Store,Cash,17.0
2023-03-29,Basil ,2023-06-22,14,62.45,Store,Cash,0.0
2023-05-01,Kiwi Gold Zespri,2023-07-01,4,8.94,Store,Cash,0.0
2023-04-08,Cheese ,2023-04-30,1,114.76,App,Visa,9.0
2023-03-21,Maple Syrup,2023-05-21,10,94.95,Store,Visa,0.0
2023-04-21,Mushroom ,2023-07-09,8,137.17,Store,Cash,5.0
2023-04-27,Wine ,2023-06-06,8,195.62,Store,Cash,5.0
2023-03-19,Bread ,2023-04-14,4,85.82,Store,Cash,4.0
2023-03-16,Sausage ,2023-05-28,3,78.98,App,Visa,0.0
2023-03-21,Cheese ,2023-04-14,10,143.5,Store,Cash,8.0
2023-03-19,Coconut ,2023-04-28,5,82.22,Store,Visa,0.0
2023-05-01,Sauce Bbq Smokey,2023-05-04,8,198.28,Store,Cash,16.0
2023-03-21,Soup ,2023-04-13,4,30.25,Store,Cash,7.0
2023-03-30,Pop ,2023-05-22,7,39.56,Store,Cash,5.0
2023-05-05,Vinegar ,2023-06-22,3,69.39,Store,Visa,0.0
2023-05-01,Soup ,2023-05-27,12,105.09,Store,Cash,5.5
2023-05-01,Wasabi Powder,2023-07-15,1,150.94,Store,Visa,0.0
2023-04-20,Beans ,2023-06-18,16,20.29,Store,Cash,10.0
2023-04-25,Pastry ,2023-07-04,1,224.65,Store,Cash,0.0
2023-04-22,Muffin Mix ,2023-05-22,4,149.11,Store,Cash,0.0
2023-04-02,Pasta ,2023-06-09,10,8.58,App,Visa,0.0
2023-04-24,7up Diet 355 Ml,2023-05-17,6,2.960000000000001,Store,Cash,7.0
2023-05-06,Soup Campbells Turkey Veg.,2023-06-23,5,59.82,Store,Cash,0.0
2023-03-23,Muffin ,2023-04-20,11,38.209999999999994,App,Visa,28.5
2023-04-27,Rum ,2023-07-06,17,220.88,Store,Cash,10.0
2023-04-02,Arizona ,2023-06-05,16,219.55,Store,Visa,10.0
2023-04-05,Tart Shells ,2023-05-06,3,67.73,Store,Cash,0.0
2023-05-02,Bread ,2023-05-15,14,127.88,Store,Cash,17.0
2023-04-03,Milk ,2023-04-27,4,160.99,Store,Cash,6.0
2023-04-03,Brandy ,2023-05-03,7,125.18,App,Visa,5.0
2023-04-11,Wheat ,2023-06-04,5,124.96,Store,Cash,0.0
2023-04-04,Snails ,2023-04-25,14,15.100000000000001,App,Visa,9.0
2023-04-11,Garbag Bags ,2023-05-20,12,70.24,Store,Visa,7.0
2023-03-29,Persimmons,2023-05-09,5,136.79,App,Visa,0.0
2023-03-14,Salmon Atl.whole 8 ,2023-04-20,8,151.61,App,Visa,5.0
2023-03-30,Soup ,2023-04-27,7,106.03,App,Visa,3.5
2023-04-29,Soup ,2023-05-21,4,104.28,Store,Cash,8.0
2023-04-10,Stainless Steel Cleaner Vision,2023-07-08,16,179.18,Store,Cash,10.0
2023-05-01,Juice ,2023-05-27,7,161.85,Store,Cash,4.5
2023-03-31,Beets,2023-04-29,16,141.72,App,Visa,5.5
2023-04-04,Fish ,2023-05-10,4,118.02,App,Visa,0.0
2023-03-26,Bread ,2023-06-02,13,36.03,App,Visa,7.0
2023-03-16,Sauce Bbq Smokey,2023-03-21,12,-5.550000000000001,Store,Visa,16.0
2023-03-17,Basil ,2023-05-09,2,68.81,App,Visa,0.0
2023-04-17,Macaroons ,2023-04-19,4,-11.07,App,Visa,28.0
2023-04-22,Plaintain,2023-07-07,11,231.69,Store,Visa,7.0
2023-04-04,Cookies Almond Hazelnut,2023-06-12,5,38.24,Store,Visa,0.0
2023-04-27,Pear ,2023-07-20,14,243.82,App,Visa,0.0
2023-04-23,Long Island Ice Tea,2023-04-30,3,81.64,Store,Visa,23.0
2023-03-14,Cheese ,2023-05-22,5,-1.0899999999999999,Store,Cash,10.0
2023-04-10,Plate Pie Foil,2023-05-13,13,207.06,Store,Visa,7.0
2023-03-22,Scallops ,2023-05-24,14,202.69,Store,Cash,0.0
2023-04-16,Lettuce ,2023-06-24,15,156.02,Store,Visa,0.0
2023-03-27,Rosemary ,2023-04-06,11,95.19,App,Visa,13.5
2023-04-13,Chicken Breast Halal,2023-04-28,1,163.75,Store,Cash,15.0
2023-04-01,Nescafe ,2023-05-05,12,32.98,Store,Cash,7.0
2023-03-18,Bread ,2023-03-30,5,119.16999999999999,Store,Cash,18.0
2023-04-13,Kahlua,2023-04-24,7,34.35,App,Visa,12.0
2023-04-07,Bread ,2023-04-09,7,179.99,Store,Cash,16.5
2023-04-14,7up Diet 355 Ml,2023-06-20,15,123.85,Store,Cash,0.0
2023-03-21,Chinese Foods ,2023-03-30,16,212.33,Store,Cash,15.5
2023-04-10,Chicken ,2023-06-20,15,2.58,Store,Cash,0.0
2023-04-17,Goldschalger,2023-06-08,1,210.04,Store,Cash,0.0
2023-04-11,External Supplier,2023-05-31,5,142.72,Store,Cash,0.0
2023-04-02,Wine ,2023-06-04,14,145.4,App,Visa,5.0
2023-03-19,Vol Au Vents,2023-05-26,1,182.95,Store,Cash,0.0
2023-04-30,Mushrooms ,2023-05-18,15,117.55000000000001,Store,Cash,12.0
2023-05-08,Tomatoes Tear Drop Yellow,2023-07-15,12,150.22,Store,Visa,7.0
2023-04-24,Nut ,2023-06-18,14,153.77,Store,Cash,0.0
2023-03-25,Yoplait Drink,2023-04-15,4,95.59,App,Visa,9.0
2023-04-01,Wine ,2023-06-16,1,125.59,App,Visa,5.0
2023-04-18,Goat ,2023-05-03,1,136.8,Store,Cash,15.0
2023-04-01,Oil ,2023-06-09,1,237.3,Store,Cash,0.0
2023-04-13,Cookie Trail Mix,2023-05-19,14,172.88,Store,Cash,0.0
2023-04-25,Veal ,2023-05-20,5,133.77,App,Visa,5.0
2023-05-01,Goulash Seasoning,2023-06-15,15,164.89,App,Visa,0.0
2023-04-27,Buffalo ,2023-07-24,2,101.45,Store,Visa,0.0
2023-04-29,Juice ,2023-06-30,13,227.01,Store,Cash,7.0
2023-03-30,Milk ,2023-04-05,12,118.38,App,Visa,15.5
2023-05-10,Flower ,2023-07-19,10,245.38,Store,Visa,0.0
2023-04-04,Fish ,2023-04-28,9,89.57,App,Visa,6.0
2023-05-12,Silicone Paper 16.5x24,2023-07-08,11,138.99,App,Visa,7.0
2023-05-12,Red Currants,2023-07-11,17,198.22,Store,Visa,10.0
2023-05-01,Lamb ,2023-05-14,14,188.98,App,Visa,17.0
2023-03-17,Coriander ,2023-04-16,15,60.88,Store,Visa,0.0
2023-03-24,Pepper ,2023-05-28,7,193.13,Store,Cash,5.0
2023-03-30,Ecolab ,2023-05-22,16,1.5199999999999996,Store,Cash,10.0
2023-04-17,Oil ,2023-06-11,13,220.47,Store,Cash,7.0
2023-04-14,Juice ,2023-04-17,16,228.12,Store,Visa,18.5
2023-04-03,Fennel ,2023-04-12,10,4.649999999999999,Store,Cash,21.0
2023-03-22,Lotus Rootlets ,2023-05-15,17,1.33,Store,Cash,10.0
2023-03-21,Chocolate ,2023-05-13,9,2.21,Store,Visa,0.0
2023-05-08,Bagel ,2023-07-14,14,14.0,Store,Cash,0.0
2023-03-23,Beef ,2023-05-08,3,115.0,Store,Visa,50.0
2023-04-08,Cheese ,2023-05-20,2,168.87,App,Visa,10.0
2023-03-27,Bagel ,2023-04-23,14,53.25,Store,Cash,3.0
2023-04-03,Tomatoes ,2023-04-16,15,132.69,App,Visa,17.0
2023-03-26,Pastry ,2023-05-19,4,113.46,Store,Visa,0.0
2023-03-23,Cheese ,2023-06-10,9,46.68000000000001,Store,Cash,30.0
2023-04-18,Pork Casing,2023-06-29,2,18.75,App,Visa,0.0
2023-04-05,Wine ,2023-06-08,2,94.6,App,Visa,5.0
2023-04-29,Soup ,2023-05-14,17,80.92,App,Visa,12.5
2023-03-20,Pork ,2023-05-28,15,3.52,Store,Cash,0.0
2023-04-23,Cardamon Ground,2023-07-09,3,117.79,App,Visa,0.0
2023-05-12,Island Oasis ,2023-05-16,7,14.760000000000002,App,Visa,15.5
2023-04-21,Coffee Beans ,2023-04-26,9,-5.539999999999999,App,Visa,25.0
2023-03-21,Glucose,2023-06-04,11,53.92,App,Visa,7.0
2023-04-20,Beef ,2023-05-13,15,6.779999999999999,Store,Visa,7.0
2023-03-25,Table Cloth 62x120 Colour,2023-05-15,17,16.57,App,Visa,10.0
2023-03-31,Gatorade ,2023-05-15,4,154.15,Store,Cash,0.0
2023-05-07,Pasta ,2023-07-31,7,75.81,Store,Cash,5.0
2023-04-19,Soup ,2023-05-03,15,146.26,Store,Visa,16.0
2023-04-06,Sambuca ,2023-07-05,11,184.82,App,Visa,7.0
2023-04-28,Wine ,2023-06-16,10,3.869999999999999,App,Visa,5.0
2023-04-06,Wine ,2023-04-16,1,-7.11,App,Visa,12.5
2023-05-02,Cookie Dough ,2023-06-18,11,162.19,Store,Cash,7.0
2023-05-03,Beef ,2023-05-09,6,67.29,App,Visa,24.0
2023-04-13,Smoked Paprika,2023-06-22,1,202.23,App,Visa,0.0
2023-04-22,Puree ,2023-07-07,15,10.48,Store,Cash,0.0
2023-05-03,Pepper ,2023-06-19,17,62.58,App,Visa,10.0
2023-04-22,Tea ,2023-06-21,16,-3.37,Store,Visa,10.0
2023-04-23,Mustard ,2023-07-04,7,193.68,App,Visa,5.0
2023-04-01,Cheese ,2023-05-25,5,203.05,Store,Cash,10.0
2023-04-25,Swiss Chard,2023-05-25,1,242.97,Store,Cash,0.0
2023-03-26,Juice ,2023-04-22,17,23.52,Store,Cash,6.5
2023-04-08,Dip ,2023-05-15,15,188.33,App,Visa,0.0
2023-04-18,Horseradish ,2023-05-06,6,152.86,App,Visa,12.0
2023-04-27,Bar Mix ,2023-07-12,15,86.4,App,Visa,0.0
2023-03-22,Wine ,2023-06-08,1,97.32,App,Visa,5.0
2023-03-25,Chicken ,2023-06-20,7,33.09,Store,Visa,5.0
2023-05-07,Radish ,2023-06-01,16,235.9,Store,Visa,7.5
2023-03-23,Mushroom ,2023-04-06,5,-13.079999999999998,App,Visa,33.0
2023-04-11,Chicken ,2023-07-01,9,69.71,App,Visa,0.0
2023-04-21,Shrimp ,2023-07-10,17,91.43,Store,Cash,10.0
2023-04-14,Food Colouring ,2023-05-27,4,91.88,Store,Cash,0.0
2023-04-27,Chicken ,2023-06-15,15,192.27,Store,Cash,0.0
2023-03-24,Blueberries,2023-05-27,3,16.26,Store,Cash,0.0
2023-04-25,Wine ,2023-05-27,12,103.45,App,Visa,6.0
2023-04-24,Veal ,2023-06-18,17,196.63,App,Visa,10.0
2023-04-27,Veal ,2023-07-02,3,152.74,App,Visa,0.0
2023-03-31,Gin ,2023-05-09,4,234.71,Store,Visa,0.0
2023-04-14,Creme De Banane ,2023-06-04,1,9.05,App,Visa,0.0
